{"cameraMode":{"drawMode":0,"name":"Shaded","section":"Shading Mode"},"sceneLighting":true,"audioPlay":false,"sceneViewState":{"m_AlwaysRefresh":false,"showFog":true,"showSkybox":true,"showFlares":true,"showImageEffects":true,"showParticleSystems":true,"showVisualEffectGraphs":true,"m_FxEnabled":true},"in2DMode":false,"pivot":{"x":-2.9063007831573488,"y":13.548115730285645,"z":-7.575404644012451},"rotation":{"x":0.438470721244812,"y":-0.004042957443743944,"z":0.001974803162738681,"w":0.8987420201301575},"size":6.168155670166016,"orthographic":false}